{
	"class_name" : "PinholeCameraParameters",
	"extrinsic" : 
	[
		1.0,
		-0.0,
		-0.0,
		0.0,
		0.0,
		-1.0,
		-0.0,
		0.0,
		0.0,
		-0.0,
		-1.0,
		0.0,
		-0.021732648330365423,
		0.089157388093548229,
		2.4358843287057765,
		1.0
	],
	"intrinsic" : 
	{
		"height" : 640,
		"intrinsic_matrix" : 
		[
			554.25625842204079,
			0.0,
			0.0,
			0.0,
			554.25625842204079,
			0.0,
			319.5,
			319.5,
			1.0
		],
		"width" : 640
	},
	"version_major" : 1,
	"version_minor" : 0
}